mp-1008528,0.054517932829482814
mp-1009084,0.4682500000000498
mp-1009085,0.141305
mp-1009129,0.31588582287195566
mp-10097,0.5245367315069558
mp-1013527,0.11779999999999996
mp-1013911,0.27030499999999996
mp-1016108,1.0711529772166066
mp-1018093,0.6244313126607893
mp-10182,0.6904899999999987
mp-1019323,4.959721236117809
mp-1019380,0.15565000000000004
mp-1019791,0.6642757764226246
mp-1019794,0.09419000000000001
mp-10223,0.09963
mp-1023924,0.2981868917427232
mp-1023934,0.3035644582353794
mp-1023936,0.21274719978414988
mp-1023937,0.2109087581078111
mp-10246,0.15732571849510177
mp-1027443,3.952199221274074
mp-10281,0.12136389372461809
mp-1029334,0.7445749527079191
mp-1029403,0.496730535703212
mp-1029418,0.20937347730789582
mp-1029469,1.0695680322915413
mp-1029522,0.26995333333333343
mp-1029679,1.5508214268291518
mp-1029938,0.5233630237225401
mp-1039,0.2703795321395513
mp-10572,1.4106899999999993
mp-10614,0.877187206711006
mp-10623,0.2359666666666668
mp-1070,0.22112044410230888
mp-10955,0.24031193613717974
mp-10990,1.143748141280568
mp-11000,1.6700031613443131
mp-11016,0.24021536662763196
mp-11168,1.8139912230826063
mp-11520,0.40261333333333343
mp-11607,0.0249962031186255
mp-1190,0.057089999999999946
mp-12011,0.29739020179358067
mp-12459,0.6239038436329751
mp-12797,0.8577067564733298
mp-12902,0.66249
mp-12903,0.6785699999999999
mp-1290803,1.4358216206115553
mp-13305,0.44717999999999997
mp-13703,0.6789705445558932
mp-14168,0.26179837127072136
mp-14232,1.11153
mp-14482,4.833715047966448
mp-14485,0.10841714552887816
mp-15687,0.28009208246170164
mp-15748,0.35121
mp-15988,0.5682699999999988
mp-16238,0.036709999999999916
mp-16773,0.4442914067366146
mp-16787,0.8605252377472724
mp-16804,0.7665100785536847
mp-16988,0.3626645920722128
mp-1700,0.4951099999999992
mp-17066,0.37565
mp-17244,0.16050000000000003
mp-17297,0.12347583896064754
mp-17307,0.14012144732289614
mp-1778,0.11965000000000003
mp-17862,0.10781459314777593
mp-17926,1.4671132247374032
mp-18147,0.08242156593245008
mp-18179,0.34871429617718974
mp-18274,0.8006441411763559
mp-18292,0.43070089163772246
mp-18385,0.09045000000000002
mp-18440,0.15694801368606104
mp-18442,0.26171755768385124
mp-18609,0.05065999999999999
mp-18661,0.47760683715792857
mp-18685,0.11591526418408443
mp-18762,1.241128878992139
mp-18939,0.10509869497686204
mp-19219,1.4588063071566424
mp-19259,0.15010666666666667
mp-19422,0.44868030467137743
mp-19833,0.28135999999999994
mp-19842,0.0
mp-19886,0.4897066666666663
mp-20187,0.09831000000000004
mp-20261,0.09723817228845882
mp-20282,0.48941773304694414
mp-20316,0.0
mp-20817,0.4170093248357883
mp-21255,0.5561733333333331
mp-21266,0.49137233762855226
mp-21272,0.19590333333333346
mp-21489,3.386161860248265
mp-22386,0.05160000000000003
mp-22512,1.04019184240216
mp-22576,0.11533881148406636
mp-22736,4.016270261895697
mp-22756,0.6262806735003086
mp-22786,0.707216666666667
mp-22908,0.0
mp-22993,0.26677999999999985
mp-23151,0.19133177624221243
mp-23330,0.008879999999999999
mp-23376,0.7720749322261653
mp-23418,0.3504470897292736
mp-23446,3.8684791510470697
mp-23492,1.1487961579239647
mp-23494,0.9842513212596579
mp-23576,0.38539
mp-23794,0.08293746620195247
mp-23844,0.055009999999999996
mp-23887,0.3132088018404257
mp-239,0.41852
mp-23973,0.44974
mp-23991,0.5979
mp-23998,0.02278000000000002
mp-24093,0.37519519559825737
mp-2412,0.49453778925376374
mp-24354,0.51055
mp-24461,0.3978299999999999
mp-24625,0.19724999999999998
mp-25246,1.3350499391408546
mp-2534,0.2971600000000007
mp-2542,0.25456488092431023
mp-25729,0.9230450471426311
mp-26173,1.5168004832160416
mp-26311,0.25164762640443955
mp-26783,2.6025084123411824
mp-27171,0.6475688903109573
mp-27192,1.4117215787571672e-22
mp-27230,0.10817999999999998
mp-27322,0.24622999999999998
mp-27704,1.0060631855902493
mp-27809,0.18104439013678383
mp-27821,0.1728311798526848
mp-27851,0.35788
mp-28035,0.2554880830880376
mp-28099,0.2598
mp-28240,0.19332220622099877
mp-28248,0.013510003711468162
mp-28261,0.5314829750799899
mp-28295,0.6286649085959864
mp-28369,0.21938947878145845
mp-28408,0.5054533783644144
mp-28980,0.07601000000000001
mp-28989,0.07239712649287265
mp-29057,0.1625529863261202
mp-29163,1.1230336178475804
mp-29172,0.10284999999999998
mp-29252,1.13136
mp-29305,0.6344096923912812
mp-29362,0.047719999999999985
mp-29513,0.09549333333333333
mp-29515,0.3539485223870838
mp-29643,1.404329102145012
mp-30148,0.8121399999999998
mp-30192,1.07536
mp-30293,0.44741376779647113
mp-30311,0.07986771093502054
mp-3038,0.21996612875622468
mp-30390,0.2860919268658785
mp-30957,0.12050999999999999
mp-31235,0.12669232156485127
mp-31454,1.161729999999999
mp-31455,2.145443333333335
mp-3159,0.1513275059267151
mp-32509,0.13049948112934676
mp-32750,0.1022969387984078
mp-34011,0.5212254955483926
mp-34034,0.3716926365291623
mp-34042,5.9061454759717
mp-34078,0.41740627187430956
mp-34337,0.19515999999999992
mp-344,0.6747176529754598
mp-34982,0.4934592410523365
mp-35264,0.2539621185041558
mp-35308,0.5571295916303558
mp-35327,0.006959999999999996
mp-35795,3.4888030166697006
mp-358,1.1704435878681472
mp-36209,0.4629282318027396
mp-36262,0.38399010481040613
mp-36577,3.1756370191027363
mp-3666,4.39590101431873
mp-36912,0.97776
mp-37381,0.9373499999999991
mp-37399,0.75209846293859
mp-37405,0.06857999999999992
mp-37449,0.5307456533500768
mp-3762,0.10792666666666671
mp-39144,0.4950284418605987
mp-39542,0.9037800000000001
mp-3998,2.3336310078073605
mp-40157,0.12882869400875063
mp-402,0.086488747823055
mp-40204,1.9890850000000004
mp-4081,0.06318666666666667
mp-41283,0.11876999999999988
mp-41472,0.24791836064369335
mp-4182,0.8924736141132068
mp-4236,0.9879330970979778
mp-4360,0.4827756258346117
mp-4627,0.18982531627788746
mp-4906,0.8356897286672846
mp-5046,0.1909338473136704
mp-504607,0.03611000384715398
mp-504650,0.7263369803942141
mp-5048,0.028699999999999976
mp-504885,0.08524999999999999
mp-504891,2.385693066405697
mp-504967,0.21062999999999996
mp-505245,0.3455499999999999
mp-5055,0.2542506397238792
mp-510346,0.996651342747302
mp-510657,3.6117050000000006
mp-5185,0.0
mp-5238,0.06059999999999999
mp-539,0.37277081713627325
mp-540111,0.20357999999999998
mp-540634,0.1354639790449156
mp-541152,0.8859354462177559
mp-542168,0.13539108759442034
mp-542613,0.13205657543363736
mp-542942,0.06469838696819792
mp-543031,0.06038989703001255
mp-545399,0.794421401264883
mp-548403,1.8751176613272091
mp-549308,0.51384
mp-551629,0.28078333333333294
mp-553932,2.5919699999999994
mp-554012,0.23357525489657502
mp-554203,0.14462999999999993
mp-554381,0.6236657657671328
mp-554383,0.06676807695298705
mp-554400,0.0
mp-554791,0.07488666666666666
mp-554929,2.0522
mp-555021,0.9307259864750743
mp-555150,0.9031950261709815
mp-555186,0.9119285290426905
mp-555514,0.07992960402754413
mp-555760,0.007940380158734472
mp-555903,1.5732043771581767
mp-556049,0.18674720319190882
mp-556120,0.569084867895247
mp-556163,0.4389399999999999
mp-556604,0.15811
mp-556802,0.040029999999999996
mp-557308,0.08766390477272211
mp-557343,1.000348103604795
mp-557391,0.23592273438564576
mp-557480,0.7521166112379116
mp-557574,0.44245092236314754
mp-558102,0.36336641974733985
mp-558491,0.48009716333427715
mp-558521,0.09605000000000001
mp-558645,0.0
mp-558990,0.18677701765741953
mp-558992,0.367888204194995
mp-559053,0.6062476211087348
mp-559256,0.26780205693758297
mp-559500,0.2661996194587829
mp-559593,0.25282933097249627
mp-559872,0.014150000000000003
mp-560008,0.5666000000000001
mp-560625,2.75077
mp-560639,0.05784
mp-560748,0.07947852728882185
mp-561305,0.1276991037556647
mp-561328,0.05399999999999999
mp-561349,0.04473
mp-561525,0.34503798600326935
mp-562283,1.363083715147386
mp-562987,1.1260988959049496
mp-567278,1.3361487121574454
mp-567505,0.08751610936404773
mp-567817,0.5587293771585671
mp-568536,0.9442668717393052
mp-568619,0.1310004441292683
mp-568968,0.17859499999999998
mp-568970,0.42160908303783023
mp-570084,0.30703066475516755
mp-5707,0.2010853298975338
mp-573229,0.6104874457349636
mp-583463,0.17252719356033813
mp-600001,0.02661549924386165
mp-6040,0.19028192265490826
mp-604884,0.5696947543758898
mp-6126,1.1902305540240696
mp-625111,0.5020829102025754
mp-625171,2.6863756819719202
mp-625231,0.21032
mp-625367,0.6963553292680396
mp-625455,1.051182724330688
mp-625509,0.3816701823564511
mp-625823,0.27113999999999994
mp-626012,0.26311366296230715
mp-626149,0.48425245027775576
mp-626165,0.4564253431499071
mp-626417,0.6820900733041054
mp-626500,1.0133562895211619
mp-626506,4.554694872146703
mp-6327,0.110035
mp-634059,0.9462010809547831
mp-634418,0.149570303037414
mp-6356,1.2201754708237664
mp-638009,0.27939
mp-638070,0.1608909915335475
mp-638424,0.2794
mp-639682,0.041760000000000005
mp-640889,0.06162243909486219
mp-642682,3.7312999999999996
mp-642740,0.41152000000000005
mp-642991,0.32618276763189097
mp-642999,0.296621100227209
mp-643033,0.4520292770485767
mp-6449,1.133975799080386
mp-655,0.018766411484351805
mp-6599,1.07711
mp-6628,0.15315754009133023
mp-6655,0.5759749999999999
mp-6667,0.8263328016440412
mp-6684,0.0
mp-672966,0.20264732820605014
mp-673126,1.713939329235431
mp-674341,0.0
mp-675006,0.084705
mp-675101,0.6955777147915385
mp-675324,1.6528999999999996
mp-675349,0.514238833422832
mp-675682,0.2512710181367258
mp-675748,0.15075
mp-675778,0.0
mp-675801,0.4809532058906925
mp-675902,0.4741418122968772
mp-676002,2.9968705158809987
mp-677192,0.13950140848053985
mp-682548,0.7637366296609075
mp-684690,0.0
mp-685935,75.01858211254662
mp-685969,1.0424437415133703
mp-690,0.1975557079478013
mp-690525,39.82858947642664
mp-690560,5.859318339330023
mp-695960,1.0778597912994066
mp-696231,0.19808531797015344
mp-696736,0.1725846480603013
mp-697111,0.3099758976114111
mp-703568,0.08342000000000001
mp-704943,0.023059999999999997
mp-717,1.0083629887099188
mp-721287,0.7704463018109667
mp-7394,0.08564499999999999
mp-7441,0.26202000000000003
mp-7446,0.1920463860633675
mp-7449,0.19881946735669523
mp-752395,0.07836499999999999
mp-752461,1.1110441991574465
mp-752463,4.700999999999999
mp-752498,4.849772074376279
mp-752506,0.5883625072181264
mp-752535,0.27391000000000004
mp-752561,0.837965404687157
mp-752580,0.04261343702723965
mp-752826,0.6317853558928668
mp-752838,1.6580971631662602
mp-752895,1.3435488403850453
mp-752966,1.2120672513779294
mp-753010,0.14776
mp-753141,0.3680200846883692
mp-753203,3.424903920752837
mp-753212,0.949897328451883
mp-753316,1.1882474206791536
mp-753318,1.6648885866327512
mp-753473,0.6380950125602382
mp-753533,0.33711
mp-753611,0.2235089233117998
mp-753740,1.3861953990329072
mp-753798,1.5860716386405755
mp-753821,0.43431492940031424
mp-753946,0.0
mp-754014,0.3378446111807954
mp-754056,0.23268433357525295
mp-754172,0.17444324291872132
mp-754308,4.846208029658068
mp-754467,1.021434717330905
mp-754496,0.009089999999999999
mp-754519,13.807122904909972
mp-754552,0.18306272290962966
mp-754676,0.03277
mp-754802,0.639561963847132
mp-754909,0.5272325304123409
mp-754916,3.5863611720086057
mp-755018,11.371447036401381
mp-755309,0.005206666666666665
mp-755391,0.5838623381414492
mp-755468,0.30279
mp-755488,16.184026475302254
mp-755701,0.05637999999999999
mp-755718,0.4765601852861818
mp-756044,0.9874788018484245
mp-756289,0.026899999999999993
mp-756340,0.0
mp-756353,0.29985165242548595
mp-756427,0.6926493444738109
mp-756494,0.45760655538105616
mp-756728,0.42789030559372426
mp-756873,0.4162887290362311
mp-757042,0.5447
mp-757350,1.5376999999999996
mp-757410,0.0
mp-7583,0.13295000000000007
mp-759181,0.7029799999999999
mp-759283,0.9587463968965277
mp-760276,1.1717208947953601
mp-760333,0.7599578025127492
mp-760457,1.7113258773827968
mp-760506,0.13554202786907857
mp-761033,0.4564044437327036
mp-761124,0.30894405869024244
mp-761390,0.915826437323143
mp-761842,0.48319191610937673
mp-761849,1.517144098539752
mp-7631,0.07745500535164367
mp-763200,1.6335458396690312
mp-764074,0.8058989816321133
mp-765230,0.668960491427515
mp-765579,0.7964833021476347
mp-765593,0.05468499999999999
mp-765618,0.365924239961209
mp-766938,3.6514820027353276
mp-7670,0.44037630681043677
mp-767222,0.3264216700925706
mp-768152,0.294285191655927
mp-768159,0.8913986014068869
mp-7688,1.6004597912475025
mp-769218,0.14105242429678405
mp-769384,0.7243599999999999
mp-769953,0.126165
mp-770632,1.221519666890386
mp-770690,1.0438663782304727
mp-770707,1.1391556930024973
mp-771112,2.066374671608702e-21
mp-772968,0.18209071218534234
mp-773864,2.375384999999999
mp-774508,0.4119658649497398
mp-775296,1.1344349999999999
mp-777418,0.0
mp-777779,1.401800205842473
mp-777801,0.0
mp-779511,0.0
mp-781081,1.4789935780793637
mp-7826,0.20651441073175933
mp-7885,2.292166883781338
mp-7906,0.31717282670493707
mp-7909,0.08939589867549849
mp-830,0.12861999999999987
mp-8377,0.565
mp-8411,0.0
mp-8415,0.34518832330075605
mp-849636,1.8067975539848065
mp-849735,0.0
mp-850275,0.005270000000000001
mp-850957,1.224745578924405
mp-8537,0.0266
mp-864638,0.39467267311026233
mp-866473,1.1415867288121389
mp-8686,0.08156666666666663
mp-8921,0.3542062329124998
mp-8938,0.6614099999999999
mp-8943,0.7356922852660617
mp-8973,0.4034379680942289
mp-8976,0.062110000000000005
mp-9124,0.7323000000000003
mp-9198,0.18014189814869144
mp-924128,0.14857333333333353
mp-924129,0.007466666666666673
mp-9248,0.22700999999999996
mp-9410,0.30481269830775237
mp-9538,0.5389437315713024
mp-971683,1.4216017607763751
mp-972825,0.0035496760415564673
mp-977011,1.804034257732249
mp-9775,0.21079913789945282
mp-9791,0.7921786638184279
mp-983357,0.3666957113628928
mp-991652,0.20728333333333335
mp-9919,0.702685712107483
mp-9946,0.1100066184372575
mp-995215,0.17017372535147723
mp-996959,0.06634483463067525
mp-998412,1.3385623354500698
mp-998712,1.1570181275337608
mvc-2858,0.7638106292082515
mvc-7040,0.23472
mvc-7701,0.22776075408200191
mp-10044,0.04810666666666665
mp-1008223,0.3140999999999999
mp-1008506,0.5254374078534634
mp-1009087,0.13150499999999998
mp-10161,0.30665100186108735
mp-1018040,0.46378630555892303
mp-1019086,0.03042999999999999
mp-1019518,0.151525
mp-1019525,0.4132302618395705
mp-1019589,1.1429849985018954
mp-1020141,4.117415991923268
mp-1023926,0.24329148542337736
mp-1023935,0.36936429037561314
mp-1028872,3.2482017928345552
mp-1029015,5.42402055986459
mp-1029139,0.3848368199516886
mp-1029213,3.0688105685985514
mp-1029265,2.0670266666666657
mp-1029584,0.3783505457905405
mp-1030243,1.263590509182153
mp-1030244,0.32274416544465595
mp-10341,0.10794718451865112
mp-10616,0.49695463770668413
mp-11017,0.4277560505708847
mp-11653,0.15300420767158024
mp-11654,0.21180891905952326
mp-11925,0.25062
mp-12159,0.0713
mp-12240,0.296725
mp-12403,0.08890334980261004
mp-12433,0.5265401610513769
mp-1276937,2.506841256279663
mp-12779,0.06308164471540162
mp-12855,0.16154500000000002
mp-1287,0.0940876310528798
mp-1305502,2.6740515524775157
mp-13275,0.2716138454640298
mp-13538,0.4525162160630268
mp-13542,0.5665880150515011
mp-13978,0.30514839341106315
mp-14001,0.08735
mp-14175,1.8061299999999998
mp-14415,0.27885
mp-14416,0.27647
mp-14780,0.36938757572501046
mp-14782,0.3468510381993978
mp-14795,0.376882541649252
mp-15248,0.5517625019987902
mp-15312,0.49855505656326593
mp-15349,1.0398428122076917
mp-15572,0.6387812623269411
mp-15573,1.0507212005083306
mp-15701,1.1458100000000004
mp-15776,0.054523113447417865
mp-15983,3.933123629623154
mp-16135,0.39471414390670106
mp-16313,0.33900333333333327
mp-16337,0.10662765260475353
mp-16564,0.2536888042399546
mp-16964,0.11466788608847725
mp-16996,1.0220521352651244
mp-17095,0.21087
mp-17146,0.11674000000000001
mp-17167,0.1511399999999999
mp-17250,0.10881999999999999
mp-17350,0.30244000000000004
mp-17389,0.8073281295302344
mp-17605,0.14496500007374952
mp-17650,0.0
mp-17698,0.370859022675734
mp-17719,0.7538072545271806
mp-17747,0.914003179682298
mp-17770,0.1369770581405799
mp-17885,0.2803541435399163
mp-17894,0.13067834684487206
mp-17916,1.7583343356142485
mp-18220,0.16873362560431587
mp-18303,1.6635940981200925
mp-18502,0.23651661804369467
mp-18509,0.038395898007452335
mp-18572,0.4903776622787371
mp-18625,0.20080350544748962
mp-18935,0.37924109719280163
mp-18968,1.2352789746854755
mp-19251,0.15464534069929264
mp-19294,0.4438374642716476
mp-19414,5.754590000000002
mp-19957,0.344841239913335
mp-20199,0.0
mp-20496,1.073001449160209
mp-21097,0.27361674384772766
mp-2133,1.2856161854535995
mp-21892,0.9363600000000003
mp-22691,0.13314307193520714
mp-22889,0.1337955896134099
mp-22925,0.1584199999999997
mp-22965,0.37633989322189365
mp-23147,0.24373000000000014
mp-23297,1.0616212372122176
mp-2340,0.2714087955028821
mp-23427,6.080634777111509
mp-23501,4.372091391611239
mp-23558,1.399796329399388
mp-23683,0.20089460196829598
mp-23702,0.27667903105403563
mp-23736,0.4143148433257037
mp-23797,0.11325487759915763
mp-23871,0.20585818012281765
mp-23884,0.023329999999999983
mp-23894,0.5217006687747295
mp-24018,0.09916999999999997
mp-24118,0.096375
mp-24165,0.7538964630504642
mp-24509,0.14623999999999998
mp-24595,0.7111622468177363
mp-25418,0.13136046466995707
mp-2624,0.09824333333333339
mp-26293,0.2615250480757228
mp-26974,0.35392918557248154
mp-26982,0.3345419965093661
mp-27035,1.8450998696690821
mp-27235,0.037970000000000004
mp-27336,0.2259372576118414
mp-27399,0.029189999999999997
mp-27462,0.00607
mp-27608,0.06303000000000007
mp-27824,0.18808
mp-27853,0.5251699999999998
mp-27934,0.0033000002057777984
mp-27988,0.0095727262877227
mp-28007,0.46189861614860894
mp-28123,0.2383196481618782
mp-28262,0.4090351774603256
mp-28336,0.12725999999999998
mp-28514,0.48822000000000004
mp-28768,0.10056500000000002
mp-28782,0.36397999999999997
mp-2894,0.3449499999999998
mp-29033,0.43058010857446727
mp-29047,0.99322
mp-29060,0.49656999999999996
mp-29104,1.6940658945086005e-21
mp-29117,0.20816354724110578
mp-29136,0.2917507499561911
mp-29174,0.026309999999999997
mp-29314,0.4969287708515194
mp-29541,0.48775588213855137
mp-2961,0.33786999999999995
mp-29756,0.34343
mp-2979,0.5940438695079684
mp-29816,0.035530000000000006
mp-29826,0.22512
mp-29845,0.21104878411701725
mp-29909,0.1711909863281361
mp-29927,14.441887303551406
mp-29931,0.3965946612096537
mp-30252,0.15495582403611358
mp-30321,0.0024517388870613625
mp-30520,0.16088
mp-30532,0.5900535086884051
mp-30925,0.2054197926423553
mp-31218,0.011529999999999995
mp-31243,0.3867891547798705
mp-31306,0.02384
mp-31493,0.10356
mp-3167,0.2457161827190062
mp-31703,1.9750771673278988
mp-32662,11.874249569762295
mp-3281,0.1472274315472494
mp-32868,1.5360136418946346
mp-3288,0.05753768470773297
mp-33300,0.06482999999999994
mp-33723,0.3845536564642463
mp-33880,0.08793000000000002
mp-34293,0.22450999999999988
mp-3432,0.12877333333333338
mp-34328,1.16023
mp-34330,0.509843747225052
mp-34376,2.302129999999999
mp-3491,8.088503480786787
mp-3519,0.58181
mp-35220,0.43024
mp-35267,0.05886000000000007
mp-35555,1.3036500000000022
mp-35777,0.18585999999999997
mp-3595,0.18672999999999998
mp-36248,0.13005999999999998
mp-36381,0.12430723316104055
mp-3731,5.159371526956441
mp-38103,0.17355000000000004
mp-38487,0.3538338671472368
mp-3870,3.090840615867917
mp-38975,0.3261558223885104
mp-3934,0.7864192371756937
mp-39823,0.5900278073108081
mp-39843,0.5384404430389681
mp-4008,0.2127500000000001
mp-40189,0.05662999999999999
mp-40251,0.23468000000000008
mp-4044,0.12079
mp-4117,1.1130204629295868
mp-42022,0.22953873790713403
mp-4223,0.45974
mp-42264,0.18712999999999994
mp-4342,3.26198338562599
mp-4453,0.3359685385451638
mp-4674,0.32619
mp-4690,1.4217699999999998
mp-4829,0.2653408422919496
mp-4964,0.46152666666666664
mp-504351,0.3879953683426741
mp-504535,1.178262082645453
mp-504864,0.0
mp-504908,0.2347101514315931
mp-505077,0.018019999999999998
mp-505297,1.450310000000001
mp-5073,0.1453726903613757
mp-510011,0.89797691814322
mp-510519,0.7149878941632507
mp-510566,1.5134433763595758
mp-530399,0.0
mp-5342,0.253555
mp-5350,0.1014816222278694
mp-5368,0.15176709928775226
mp-540633,0.04092734082405558
mp-540714,0.09612999999999998
mp-540895,0.31615557341283734
mp-540900,0.142845
mp-541040,0.33586499999999997
mp-541190,0.2634980603344159
mp-541280,0.13216
mp-541914,0.06205030640536759
mp-543040,1.2443528919953128
mp-545974,0.4459890608523935
mp-546633,0.0852033333333332
mp-550433,0.48724999999999974
mp-550469,1.9926622563294567
mp-5513,0.41367333333333317
mp-551905,0.07342823604550718
mp-554097,1.0805772801311266
mp-554108,0.09896000000000003
mp-554150,1.2024721363507769
mp-554432,0.09173482762833317
mp-554722,0.5190343208265267
mp-554947,0.559001594541554
mp-555154,0.3459207914995526
mp-555218,0.21958084479298287
mp-555229,0.12433845899636403
mp-555251,0.2904111664519806
mp-555320,1.2639883625255417
mp-555321,1.69027
mp-555560,0.21537999999999996
mp-555863,0.042012835110153926
mp-555918,0.22120999638352695
mp-556020,0.2258
mp-556478,0.13525999999999996
mp-556588,0.5951884725434315
mp-556898,0.49297999999999986
mp-557082,0.1046995949426162
mp-557510,0.12060722159141223
mp-557724,0.0
mp-557773,0.21488434735062445
mp-558753,2.0395401036017304
mp-559232,0.012165
mp-559240,0.9087139684741289
mp-559366,0.059310000000000015
mp-559691,0.385115
mp-559934,0.13441
mp-559961,0.035730000000000005
mp-560030,0.9093868357855198
mp-560441,0.0
mp-560836,0.014380000000000004
mp-560882,0.6069138199942393
mp-561412,0.24509145167815724
mp-567677,1.2170368477983309
mp-567680,0.8978594488435134
mp-567949,0.3204565802101749
mp-568116,0.13716688809766286
mp-568269,0.2880433333333328
mp-568598,0.15846000000000002
mp-568656,0.06780695168968663
mp-568890,0.5708599999999999
mp-569346,0.12877295834141606
mp-569787,0.02134
mp-570044,0.010528846090621706
mp-570172,0.1684407924117094
mp-570377,0.3042433333333335
mp-571195,0.1833198052692068
mp-571281,0.3027999999999999
mp-571558,0.03099041639601998
mp-583836,1.502249808236987
mp-5853,0.9139631124941533
mp-5928,0.22514533311841042
mp-600059,0.051098178538965554
mp-6015,1.1376698293441732
mp-604120,0.19018999999999997
mp-614803,0.8057240984198969
mp-620372,0.10536999999999996
mp-625112,8.753334656551651
mp-625142,0.507288293182486
mp-6253,0.5254200585246086
mp-625359,0.6852091221663645
mp-625501,0.23692265630093912
mp-625837,0.045989999999999996
mp-626068,0.6384970591161715
mp-626201,0.031909999999999994
mp-626256,0.0429903768301698
mp-626554,0.7005205936376584
mp-626620,0.4541399999999999
mp-626720,0.3642672337399922
mp-626755,1.240466677609653
mp-6289,3.0718599999999996
mp-632684,0.562285146068458
mp-6376,0.74424
mp-638590,0.4754099999999998
mp-638731,1.531168991657237
mp-640885,0.05782090452422896
mp-643009,0.7679515017239045
mp-643759,0.7982160047255377
mp-643814,0.5663433811743542
mp-6507,0.4599230835694158
mp-6632,0.7528347432101132
mp-673070,1.7876894295710315
mp-675180,0.47328927348929856
mp-675577,0.16313999999999998
mp-675879,0.7080442028574205
mp-675944,0.3751075754332296
mp-676038,0.36297999999999997
mp-676483,0.13250000000000003
mp-677072,0.03720000000000001
mp-679406,0.1055402049898264
mp-684969,0.0
mp-6870,0.022149322146874952
mp-696347,0.2845229238972472
mp-697408,0.07815
mp-6980,0.6821664710152712
mp-703470,0.18028000000000002
mp-705516,0.5151447272369194
mp-707170,0.7999487976637019
mp-713,0.22471
mp-720570,0.12833
mp-721246,0.52268
mp-721582,0.12938911246700782
mp-7440,0.37831000000000004
mp-7456,0.03516
mp-752518,0.0
mp-752538,0.0
mp-752644,1.0224155096307197
mp-752733,0.0
mp-752745,5.732302316040034
mp-752917,0.5612200000000003
mp-752925,0.432404281720244
mp-752973,0.3075031827242432
mp-752974,4.913221618062837
mp-753156,0.6184143776223189
mp-753195,0.09024999999999996
mp-753277,0.6706941131395145
mp-753280,0.31626926859419646
mp-753340,2.1940379519963584
mp-753364,1.3482828958787862
mp-753476,1.113678498229721
mp-753567,0.47917055971112404
mp-753752,1.266655113754332
mp-753775,0.14349486576181045
mp-753816,0.29035293661335676
mp-753960,0.1843861320707173
mp-753994,1.040224969369767
mp-754059,0.16221
mp-754117,1.0939928151043772
mp-754233,1.4264815263183448
mp-754249,1.7864063453113146
mp-754295,24.97627039222598
mp-754357,0.37781271143101003
mp-754530,6.427320000000001
mp-754564,0.5228491945102335
mp-754568,0.18779164096203793
mp-754604,0.7945675813462577
mp-754629,0.2233638362839749
mp-7548,0.25344999999999995
mp-754943,4.997849435937501
mp-755038,1.178155482014393
mp-755130,0.966397647728156
mp-755231,1.9687410793194722
mp-755293,0.0
mp-755380,0.622085
mp-755390,2.7283400000000007
mp-755425,1.1487263846693758
mp-755492,0.2031155328870739
mp-755493,0.45870999999999973
mp-755559,0.0
mp-755562,2.508949845946726
mp-755680,3.1644630221841497
mp-755685,0.9821464528266649
mp-756090,16.77554582483085
mp-756117,0.68397
mp-756156,0.9960917055171178
mp-7562,0.39750333333333315
mp-756432,0.5933499854568699
mp-756591,0.67002
mp-756622,0.28334412451999075
mp-756638,1.710265
mp-756935,0.23634999999999987
mp-757130,1.8056343952414247
mp-757174,0.4541605704676379
mp-757406,0.5523427861391872
mp-757447,0.11130666666666668
mp-757722,0.41744713940809997
mp-757754,0.43957
mp-757948,1.1682444748424872
mp-757971,1.6707941010617495
mp-758053,2.2713899999999994
mp-758074,0.054420000000000024
mp-758131,0.47033962101868476
mp-758196,0.281347910157513
mp-7582,0.12128000000000004
mp-758397,0.7644499290993492
mp-758560,1.1877260321303058
mp-758977,0.15275
mp-759375,0.5199837771947879
mp-7595,0.19940999999999998
mp-759722,0.7543422021358068
mp-759788,1.013200804631687
mp-760360,1.0428617675416043
mp-760375,0.07079333333333335
mp-760484,1.9694031571265445
mp-761098,6.324024378539529
mp-7611,1.7575299999999994
mp-761872,0.08067
mp-762644,0.10808
mp-762649,0.5606464197119032
mp-762870,0.6644279096945633
mp-763240,0.28947471914785206
mp-763588,0.39380321007696967
mp-764607,0.34818314223549846
mp-764642,0.4499300000000001
mp-765775,0.21659000000000003
mp-766442,0.17047999999999996
mp-766811,0.8719381472424588
mp-767409,0.0
mp-767471,0.06656041194108128
mp-768164,2.1699322234893654
mp-768176,1.7399400000000003
mp-768310,4.442634181128889
mp-7684,0.97392975033765
mp-768849,1.2720192272917887
mp-769025,0.018239999999999996
mp-769079,0.3101381234224521
mp-770219,2.543535174574946
mp-770865,9.460739854373576e-22
mp-770905,0.42056465579028396
mp-771411,0.39274471866360977
mp-772898,0.7047245116355753
mp-774357,5.38655
mp-774557,0.36028
mp-774922,0.590581140221522
mp-775027,0.26009443881021904
mp-775319,0.4545648214501443
mp-775758,1.31172
mp-776081,2.501185804333616
mp-776816,0.0
mp-776922,0.008349338379084498
mp-777553,0.6358685810763111
mp-777585,0.17140655675906916
mp-777589,0.0417
mp-777778,0.2908586524880135
mp-778554,0.16085524194360673
mp-781712,0.24367
mp-7848,0.4233591237353932
mp-8351,0.11169000000000005
mp-8389,0.46026122506680917
mp-8479,0.6941793158829881
mp-849504,1.66057
mp-863076,2.422482152508446
mp-865427,0.500695257727321
mp-866620,0.0
mp-867261,0.13262847946442655
mp-867620,0.4499860127826197
mp-867645,0.72139
mp-867699,0.11193999999999998
mp-867708,4.946669999999998
mp-8703,0.7960400000000002
mp-8704,0.3662607367811774
mp-913,0.058605
mp-9309,1.0294238673646536
mp-9338,0.11929000000000001
mp-9437,2.3184066666666623
mp-976313,0.33630596991430284
mp-9781,0.45396
mp-978847,0.35832207341998906
mp-983589,0.30754
mp-9844,0.40509343957455934
mp-985293,0.11713999999999997
mp-985571,0.3240512951339544
mp-995393,0.00734601283076162
mp-996984,0.28270236999567555
mp-998298,1.6852588781956537
mp-9984,0.0141950009618044
mp-998560,1.8559966371393162
mvc-3677,0.9408446690899099
mvc-667,3.132885043577604
mp-10074,0.13557999999999998
mp-1007823,0.7396619773923763
mp-1008858,0.4378766666666667
mp-1014244,3.438908846643214
mp-1018678,0.2918623424142806
mp-1019378,0.4021899999999998
mp-1019509,0.23706259677403466
mp-1019595,1.2549500000000002
mp-1020181,0.0
mp-1020615,0.03924999999999999
mp-1020633,0.031349999999999996
mp-1020703,0.2831127738741768
mp-1020715,0.9781085263769314
mp-1027759,11.917922105760324
mp-1029294,0.9939575373223946
mp-1029357,0.31260253789756776
mp-1029378,1.4162983233062167
mp-1029633,1.6979380545237803
mp-1029857,0.2345658893040504
mp-1029932,1.2616832021549624
mp-1074,0.09349000000000002
mp-10748,0.04197666666666669
mp-11131,0.15911916917832372
mp-11175,0.18647019520556093
mp-11390,0.1101299999999999
mp-11725,0.0
mp-11738,0.4244737440643414
mp-11772,2.642687852670481
mp-11836,0.28331333333333336
mp-1217,0.09575333333333337
mp-12422,0.10889150396584647
mp-12532,0.22334999999999994
mp-1253422,0.5369698734840624
mp-13456,0.10184361744408346
mp-13654,0.8769599442997211
mp-137,0.24642
mp-13725,0.6597003841896713
mp-13755,0.08632999999999999
mp-13949,0.09650660547340784
mp-13956,0.17376
mp-14091,0.2368349999999999
mp-14193,0.37361047465360436
mp-14289,0.2858414731853807
mp-14363,0.08755999999999999
mp-14367,0.08661
mp-14433,0.548641625289223
mp-14649,0.063835
mp-14708,0.10523999999999997
mp-1479,0.021179999999999987
mp-14864,0.137
mp-14873,0.8272017969032708
mp-15074,1.5511432718468545
mp-15339,0.21437678213882297
mp-15472,0.3950799999999998
mp-1572,0.2803748923281027
mp-15777,0.062130517863607106
mp-15939,0.46907959450814707
mp-16179,0.4084292410720227
mp-16609,8.166383286991246
mp-16841,0.39402516974615254
mp-17171,0.0
mp-17771,0.170635
mp-17853,0.11216618652695677
mp-18000,0.9404226123929601
mp-18126,0.9090676290803381
mp-18163,0.2893906017639916
mp-18246,0.22721294219304675
mp-18311,0.8224569275652067
mp-18463,0.39839546144503196
mp-18594,0.023263333333333334
mp-18596,0.30359499999999995
mp-18722,0.04744806107735067
mp-18786,3.9463550000000005
mp-18789,0.06467333333333335
mp-19,1.696768275689014
mp-19140,0.9068599999999999
mp-19270,3.0062642956999572
mp-19376,3.8105945112149033
mp-19440,0.0
mp-19885,0.22602633939432804
mp-20025,0.16443900677758902
mp-20337,2.7071411231407945
mp-20351,0.0988100000000001
mp-20546,0.6763063303710827
mp-20778,0.36141499999999993
mp-20790,0.27444417793059483
mp-21276,0.0
mp-21459,0.44971116163599945
mp-22253,1.1945419404525002
mp-22261,0.03490500000000002
mp-223,0.29879406465651653
mp-22583,0.5178666902642917
mp-22894,0.2633561671956856
mp-22913,0.31094666666666604
mp-22955,1.35580877951133
mp-23011,0.4631676345557839
mp-23110,0.06017
mp-23162,0.16775317780593132
mp-23333,0.2687
mp-23339,0.005500000000000004
mp-23349,1.1622825138716932
mp-23651,0.23995999999999998
mp-23827,0.17893300439035636
mp-23843,0.10752999999999999
mp-23849,0.8729160022816426
mp-23963,0.48633
mp-24052,0.6643299999999999
mp-2414,0.027368613410255184
mp-24402,0.27075999999999995
mp-2447,0.1991601983328998
mp-24585,0.31763239900866536
mp-2488,1.3380699999999999
mp-252,0.16840000000000008
mp-25301,0.0
mp-25316,1.8655323967196047
mp-2565,0.05735393796418865
mp-25886,1.3270745206516172
mp-27277,0.26218957435413026
mp-27367,0.6002305258815148
mp-27457,0.12337999999999999
mp-27529,0.09869935258146405
mp-27549,0.0
mp-27573,0.8848332025782577
mp-27623,0.6514552461294184
mp-27755,0.19147532280102228
mp-27852,0.32946000000000003
mp-27888,2.5188750000000004
mp-28020,0.05847000000000002
mp-28090,0.04388
mp-28189,0.41771486213046466
mp-28473,0.36585
mp-28548,0.18436980284200571
mp-28558,0.45707865526624625
mp-28569,0.06348000000000001
mp-28582,0.0
mp-28792,0.24687192041013034
mp-28944,0.2653618968503259
mp-29187,0.1381252268208734
mp-29289,0.008445
mp-29491,0.04145947057066696
mp-29510,0.6999497941995555
mp-29721,0.1113138396606639
mp-29796,0.05939761432057492
mp-29910,0.11874636289166937
mp-29946,0.6179699999999999
mp-30216,0.0
mp-30452,0.19860333333333344
mp-30530,0.2035566666666668
mp-3078,0.18113
mp-3082,0.021349999999999994
mp-31053,0.5288696578553169
mp-3161,0.49018000000000034
mp-32616,0.24934736979893202
mp-32669,0.11617826001451391
mp-32959,0.6673
mp-33606,0.3636750000000001
mp-33985,0.12214500000000005
mp-34169,0.15907
mp-34381,0.34378538319713364
mp-34459,0.48474
mp-34465,0.5167520780800013
mp-3486,0.40589256558849224
mp-34903,0.20244999999999996
mp-35035,0.08723248869851696
mp-35269,2.22035
mp-3606,1.0159843372808461
mp-36066,0.5884305088648791
mp-36100,0.36677
mp-3647,0.2658076787829878
mp-36582,0.3975234560206567
mp-3677,1.6118760625432713
mp-37091,0.06387500000000002
mp-3716,0.2853433333333337
mp-37207,0.01821500000000001
mp-37430,4.34490859318176
mp-37906,0.4098200000000005
mp-38194,0.8971599999999996
mp-38442,0.32190615701629566
mp-38970,0.19570916111497474
mp-39259,1.5542834755273365
mp-39288,0.29238999999999954
mp-39460,1.2125900458522658
mp-39770,0.5339976394377893
mp-4004,0.27112532378957144
mp-4024,0.71332
mp-41095,0.31216409050369687
mp-41191,0.7324458482014107
mp-41414,0.12579
mp-4174,0.2337433333333335
mp-41742,2.1773499954564683
mp-4175,0.08566499999999999
mp-42190,0.5972066645642863
mp-42227,0.530454178793984
mp-4249,0.0
mp-4452,0.17344313434091302
mp-4586,0.06602
mp-471,0.37032
mp-4840,0.05332649572567129
mp-504276,0.18320872127822552
mp-504482,0.14355665501814957
mp-505321,0.20923253117046595
mp-505558,1.7566112576954809
mp-510032,0.49373999999999996
mp-510347,0.4398612787004557
mp-510620,0.0187417988513571
mp-530262,0.12387508990914997
mp-540118,0.3392579574601015
mp-540934,0.08820713064756462
mp-540997,0.10944270089917835
mp-541220,0.18537999999999993
mp-541629,0.16513999999999998
mp-541950,0.2745294893885032
mp-542464,1.0353994537549098
mp-545359,0.5569881572349632
mp-545756,0.47860666666666646
mp-5461,0.5434200000000001
mp-546757,0.9339036758681273
mp-547017,1.7773508022349775
mp-549697,0.01885293154794662
mp-549706,2.5050651409494558
mp-550751,1.711731769875175
mp-5515,0.01503666666666667
mp-551826,1.0059040959637469
mp-5540,1.0074298637622372
mp-554051,0.31650523329006924
mp-554144,0.0
mp-554390,0.31375
mp-554553,0.7956748991893613
mp-5546,1.5970660757777053
mp-554769,0.20327666666666677
mp-554845,0.026340000000000002
mp-555342,0.5524933333333334
mp-555606,0.27069999999999994
mp-555867,6.811062854408243
mp-555874,0.5879381553326017
mp-556002,1.2870973346651364
mp-556209,0.5041641221746158
mp-556640,0.09003466729792715
mp-556649,0.13067333333333322
mp-556653,0.9074223841738256
mp-557070,0.5446073851771028
mp-557118,2.13479
mp-557134,0.08999041824568989
mp-557723,0.0659
mp-558042,1.575914123732007
mp-558055,0.8109931154783708
mp-558085,1.1404941996783673
mp-558200,0.023080000000000003
mp-558219,0.2128847930755431
mp-558387,1.2176356643512047
mp-558401,0.8333550253043415
mp-558808,0.2784959515254436
mp-559122,0.03814
mp-559653,0.2881973459280983
mp-559847,1.3951499999999997
mp-560334,0.08733548362492763
mp-560394,0.37144999999999995
mp-560614,1.0030661231942783
mp-561011,0.05850646036909944
mp-561075,0.43502270731618053
mp-561104,1.4493135761111196
mp-561243,0.0018321776579264
mp-561446,1.1099140316258733
mp-5621,0.0034466666666666626
mp-567318,0.0
mp-567542,0.010850002273717942
mp-567713,0.23936878493237185
mp-567885,0.9651724583589677
mp-5679,1.46085203898273
mp-568100,0.44404819231700515
mp-568228,1.9847267613162891
mp-568450,0.21644000000000002
mp-568661,0.15926
mp-569051,1.607023842573594
mp-569525,0.7753381678207063
mp-569571,0.04201999999999997
mp-569600,0.4771266666666665
mp-569779,0.3169133333333334
mp-569790,0.07920999999999999
mp-570081,0.0
mp-570136,0.019053697338519304
mp-570589,0.34968
mp-570922,0.23343716167311487
mp-5710,1.07694655982182e-17
mp-571093,0.5140156122142735
mp-571436,0.026706666666666688
mp-571452,0.23362325809913886
mp-573514,0.09406
mp-5784,0.9552308312654068
mp-580941,0.24948780872018667
mp-5967,1.1279266666666692
mp-6062,1.6501123636365727
mp-6094,0.33107
mp-616566,0.5942281613151634
mp-623837,0.42701963168089735
mp-625113,1.0230804961722397
mp-625207,0.5027704089343366
mp-625560,0.592144333622286
mp-625924,0.11482
mp-625943,1.4821957875503917
mp-625993,0.25468537602062336
mp-625996,2.483503841309215
mp-626073,1.443861547700299
mp-626229,0.4604140454703574
mp-626750,0.7174094859749169
mp-632296,2.6541116184139653
mp-633158,0.6745700524037522
mp-634,0.38217831553095327
mp-643431,0.1032546025608544
mp-643683,0.019669270029435096
mp-644097,0.9796796220703992
mp-644271,0.3940800000000001
mp-6564,0.18363
mp-672,0.4237328998319776
mp-672234,9.999999999999997e-06
mp-675293,0.44747000000000003
mp-675475,4.2604597769841694
mp-675677,0.33980000000000005
mp-675821,3.0998188188675497
mp-675977,24.844591134931377
mp-676361,0.27997701040582323
mp-676400,8.994219339718583
mp-6783,0.0852490526125492
mp-680111,0.0066595822753385756
mp-684745,0.756704183680273
mp-684816,0.26501220003924175
mp-685043,0.08999025039859365
mp-6853,2.6791482092881838
mp-6867,0.47755514784972847
mp-690542,6.627199451080373
mp-6955,0.1523978008371512
mp-697146,0.17286999999999997
mp-699219,0.19602999999999998
mp-705676,1.8943903364313384
mp-706430,0.5591698611334485
mp-707105,0.014435
mp-707226,0.09396999999999997
mp-7173,0.27531000000000044
mp-722455,0.19884538193886359
mp-7444,0.16932
mp-7447,0.30787089420729596
mp-752397,0.0
mp-752446,0.18596140050765797
mp-752471,0.6330275851853688
mp-752484,1.8840022886928773
mp-752899,0.24455457801789607
mp-752930,1.18621
mp-752955,2.8965304352794217
mp-752965,0.0
mp-753011,0.5446569321600525
mp-753207,2.4274507264206204
mp-753353,2.0778299999999996
mp-753378,1.73621
mp-753525,1.3380510161798762
mp-753671,0.3601800000000001
mp-753719,0.055659999999999994
mp-753735,0.6675821523622866
mp-753756,0.13795365707367088
mp-753813,0.45844999999999997
mp-753854,0.12342224184633892
mp-753940,0.144015
mp-754222,0.151875
mp-754243,0.08555722218050976
mp-754637,0.5434936787552965
mp-754659,0.9613686846366488
mp-754838,0.5388155598669786
mp-754840,2.0025653888300003
mp-754851,1.3152115419391666
mp-754913,1.236634449261381
mp-754929,0.09327344646659187
mp-755047,3.776931112437715
mp-755190,0.20017999999999997
mp-755244,0.1207154310765612
mp-755246,1.3243077387301239
mp-755260,0.06910000000000004
mp-755337,1.0913783125234031
mp-755568,4.230458202642053
mp-755674,3.7256938088548694
mp-755816,0.361232532203657
mp-755867,1.292848175541119
mp-755949,0.22310501330649754
mp-756582,1.4783669483449355
mp-756603,0.8906812104686573
mp-756849,0.0
mp-757002,0.6470955832023582
mp-757163,0.2482223071820488
mp-757889,0.09274
mp-757905,0.0
mp-757954,0.6715794134982573
mp-7581,0.749484540124165
mp-758533,0.0
mp-758637,0.867392825137492
mp-758703,0.11313053433976168
mp-758755,0.14355942079849782
mp-758876,0.544
mp-758949,0.5998124858964125
mp-759014,0.7752700415536602
mp-759115,0.5512251566638178
mp-759421,0.3688372866678557
mp-759495,0.09037000000000003
mp-759690,0.7079550445270536
mp-759877,0.37718
mp-760066,1.370346118577261
mp-760137,1.2046117178908675
mp-760343,0.40052271215250695
mp-760402,0.782206555201374
mp-760415,0.17642000000000008
mp-760462,0.2512027837678097
mp-760477,1.432561864178996
mp-760729,0.13606475682556451
mp-760762,0.41778
mp-761269,0.0
mp-761341,3.1108614149942446
mp-761669,0.2980629611566504
mp-761819,6.808199387451948
mp-763098,0.526922783859267
mp-763489,1.0300199000990222
mp-763609,0.30824147258150053
mp-765470,0.5346099139559609
mp-766262,0.07100940077957142
mp-7664,0.2549078533509713
mp-766692,2.8234431575143343e-22
mp-767556,0.6608980554518222
mp-767688,1.0665346571164211
mp-767722,0.36127054557341676
mp-767779,0.38012120555926426
mp-768232,0.09352000000000003
mp-769365,1.1092135949852036
mp-769377,0.10343999999999999
mp-771147,0.0282
mp-771568,0.04803999999999999
mp-772809,0.3118082160559596
mp-772830,1.342985
mp-773663,0.6222261272238574
mp-774146,7.443094543810391
mp-774639,0.1503154569563623
mp-774833,3.43949007950678e-21
mp-774933,1.024977553106244
mp-775761,0.014959999999999973
mp-776952,10.172073716428086
mp-777233,2.4917387941355322
mp-777422,1.124530517949602
mp-777972,0.2707987666146211
mp-778194,0.5115542523133424
mp-7787,0.6144999999999999
mp-778819,0.42377241179670955
mp-779165,0.14913023871770606
mp-779348,1.4433544771183424
mp-779457,0.7271324622816537
mp-779539,0.6540729305071871
mp-780490,0.18608000000000002
mp-780671,6.607117165905063
mp-780702,0.9032052427851563
mp-7910,0.12092246245011717
mp-7931,0.1614360133534194
mp-8017,0.04032500000000004
mp-8070,0.8192340296341434
mp-8084,2.0921838882373605
mp-8346,0.10183000000000002
mp-850201,1.1900307913663413
mp-850922,1.0797789309478525
mp-850951,0.5010410323608071
mp-850964,2.8013276722719893
mp-8612,1.1884787881563874
mp-8624,0.026406666666666672
mp-862787,0.10137398236233988
mp-865532,0.6952266698710572
mp-866580,0.2098198009692062
mp-866665,0.1460692981049924
mp-866922,0.3307984971247602
mp-866943,0.01722
mp-867336,0.36301
mp-867689,3.3169293855763637
mp-871,1.14189
mp-8877,0.6051470368621067
mp-8881,0.028218578986193753
mp-8882,0.2865730912001334
mp-8883,0.5154393675302658
mp-9062,0.09927779030078504
mp-9066,1.1166258161980673
mp-9203,0.17349999999999985
mp-9268,0.05835398720339148
mp-9427,0.4363467902941421
mp-9490,0.24838000000000002
mp-9535,0.19503999999999996
mp-9575,0.7724630488897322
mp-961675,0.7992500000000006
mp-9710,0.17891999999999997
mp-971661,0.0019200000000000007
mp-972387,0.175995
mp-972448,0.36927
mp-972808,0.10488831437411848
mp-9747,1.5332114525074485
mp-979137,0.6429777281374343
mp-985582,0.09533666666666674
mp-9870,0.5443873767906646
mp-989229,0.14920857785787028
mp-9947,0.07752179835783005
mvc-6946,0.0
mvc-7761,0.8864061212559482
mp-1004528,0.3176457984243715
mp-10070,0.11859
mp-10080,0.3616552531132612
mp-1008523,0.6577500000000001
mp-1009088,0.10721999999999993
mp-10096,0.47393926066533315
mp-1009639,0.1694600000000004
mp-1018100,0.10574158268275771
mp-1018118,1.2488700000000006
mp-1019967,0.57178
mp-1020059,0.5269964127012631
mp-1020630,2.51551
mp-1023931,1.2986578079063529
mp-1023941,0.07628607415770346
mp-1023954,0.0692925150083383
mp-1025806,0.49841282729336117
mp-1025895,6.005148076210918
mp-1029313,1.69395927782857
mp-1029408,1.5733433431390618
mp-1029442,1.5589719271365987
mp-1029718,0.00861513488552396
mp-1029791,1.530601282829725
mp-1029845,2.343640821798425
mp-1029945,0.7626598549496864
mp-1030015,1.34639455365565
mp-1030245,0.8145891322860688
mp-10419,0.9838619759591055
mp-10615,0.5475481418426067
mp-10644,0.37649333333333335
mp-10695,0.05316000000000007
mp-10796,0.8732656918716091
mp-10967,0.05588000000000004
mp-11018,0.6081309421497976
mp-11321,0.340664978946828
mp-11342,0.2481559113059711
mp-11660,1.188416666666667
mp-11670,0.4232120216865311
mp-1175,2.8334499999999996
mp-12022,2.0951611048556624
mp-12023,0.34941507208476275
mp-1284706,0.2308820952347791
mp-12954,0.06190000000000004
mp-13031,0.2447166666666668
mp-13033,0.15483666666666682
mp-13252,1.36381
mp-1345,0.1390419437229434
mp-13589,0.07871666666666667
mp-13643,0.113415
mp-13982,0.342454035163845
mp-1434,0.729112086409497
mp-14364,0.0388882668680413
mp-14368,0.08263999999999999
mp-14568,1.8694899999999994
mp-14588,0.2096992699081234
mp-14983,0.174219677508791
mp-1541,0.20803333333333376
mp-15492,0.009680291378642049
mp-1550,0.0006200000000000649
mp-1554,0.028171134739441304
mp-16363,0.12321000000000003
mp-16566,0.1143195903063103
mp-16793,0.14686999999999995
mp-16839,0.4730767748306037
mp-16995,1.4783146572025863
mp-17008,0.22833825062051033
mp-17128,0.18673194140959687
mp-17486,1.670381831206014
mp-17685,0.9913932907277516
mp-17709,0.09348680441645228
mp-17791,0.2678766530547804
mp-17944,0.17157165447375156
mp-18168,0.4263777504748577
mp-18244,0.3221091848304956
mp-18262,0.01901285591590624
mp-18361,0.24304225496814336
mp-18481,0.3223884169755492
mp-18578,0.3587885628127421
mp-18591,0.4237
mp-18938,0.5942034926368381
mp-19103,0.44013142234549546
mp-19123,0.10855831888897324
mp-19128,0.8544694199911438
mp-19234,0.3802355031190889
mp-19765,0.1539635844932171
mp-20310,0.22563987059028373
mp-20526,4.343674921146839
mp-20692,0.8265910851805747
mp-20694,0.06786666666666667
mp-20782,0.02587
mp-20832,0.10317566694720229
mp-21374,0.13194053831177133
mp-22067,0.3894599999999999
mp-22304,0.17873609708170318
mp-22607,0.14491329269601183
mp-22811,0.21382700272910402
mp-22869,1.7184834081242053
mp-22994,0.7105485656167353
mp-22995,0.31288833563086854
mp-23292,0.04437999999999999
mp-23329,5.697979375043496
mp-23352,0.9803572161909204
mp-23400,1.0007950479764394
mp-23485,0.16615844817522826
mp-23612,0.44929803516775496
mp-23648,0.19277999999999998
mp-23672,0.20348999999999998
mp-23771,0.3025697709184221
mp-23803,2.252014085435524
mp-23866,0.03936999999999999
mp-23888,0.6107461690706574
mp-24012,0.4931291964873649
mp-24500,0.0925
mp-2469,0.19863999999999993
mp-2490,0.20402333333333322
mp-26057,0.18169000000000002
mp-26181,1.7244918286087794
mp-26416,2.111325863239791
mp-26477,0.618453137513264
mp-2653,1.2344215787971315
mp-26600,0.02227
mp-26910,0.1216032746639462
mp-26989,0.06364999999999998
mp-27032,1.2834659431437436
mp-27042,1.6515305461601364
mp-27063,0.6089218641711723
mp-27255,0.16599667828001854
mp-27272,2.7505108667398108e-21
mp-27453,0.6686155406141698
mp-27699,0.17902833312472063
mp-27726,0.71291
mp-27931,0.16241
mp-27996,0.055439999999999996
mp-28000,0.14871
mp-28146,2.823443157514334e-22
mp-28205,0.3608458410958406
mp-28405,0.2307550761225645
mp-28407,0.8338810933820242
mp-28460,0.7586699999999997
mp-28471,0.32458632765413886
mp-28477,2.5921700000000003
mp-28508,1.2530310950403845
mp-28769,0.2869754719054605
mp-29091,0.18164000000000002
mp-29145,0.16025
mp-29157,0.4430259279740767
mp-29310,0.010309999999999998
mp-29365,1.4007398156304731
mp-29379,0.04164
mp-29505,0.12774
mp-29628,0.1422
mp-29877,0.24812376076491433
mp-30068,1.271246712208138
mp-30159,0.07575004422440954
mp-30161,0.4222406463143972
mp-30240,0.0
mp-30300,0.33423171169115606
mp-30459,0.015866666666666678
mp-30847,0.16022000000000008
mp-30905,0.26225000000000004
mp-30908,0.45562235744089635
mp-30927,1.0027184790585326
mp-31408,0.22670768779303765
mp-32244,2.361125
mp-3247,0.0
mp-32684,2.0431799999999996
mp-3277,0.6276777539868688
mp-32899,0.41247375075873177
mp-33024,0.37067099727077535
mp-33449,0.3924419286618204
mp-33508,0.621385302127432
mp-33569,0.16687107613202765
mp-34116,0.6504950000000002
mp-34380,0.0
mp-34486,0.7629313442571357
mp-34508,0.4385949999999999
mp-3481,0.4268779467248378
mp-34932,1.2328849999999998
mp-3524,0.8853399999999995
mp-35746,0.6476250000000001
mp-3589,0.3994400055702984
mp-35907,0.21028293409463522
mp-3652,1.1738927074863403
mp-36526,0.8454966666666662
mp-3668,0.12539999999999993
mp-36775,0.6796100000000002
mp-36940,0.017229474745331035
mp-37036,1.520866876177395
mp-3772,0.11063659272591507
mp-37923,0.4174020882793953
mp-38125,32.504329999999996
mp-38728,0.7622200000000001
mp-3881,1.51717
mp-3996,0.6465968319855482
mp-4043,0.03306333333333333
mp-4122,0.26709057642572964
mp-4152,0.12957865265930188
mp-4309,0.5882485101553594
mp-4497,0.39372
mp-4524,0.12875999999999996
mp-4779,0.7885229182405212
mp-4876,0.004820000000000002
mp-4899,0.13848
mp-4937,0.04944
mp-4979,0.13738999999999996
mp-5012,1.2297965540283484
mp-5029,0.1559311851426776
mp-504422,0.04457999999999999
mp-504426,0.2746596151602925
mp-505139,1.5253
mp-505153,0.139
mp-510421,0.8355733579405218
mp-5114,0.4349864680653871
mp-540193,0.33676020713743304
mp-540631,0.07782063922260855
mp-540635,0.15843787456452885
mp-540998,0.10263638143579967
mp-541032,0.7042843704377199
mp-541937,1.2244511640731146
mp-545541,2.6009658420613095
mp-546202,6.539559999999997
mp-546285,2.136640415329247
mp-546546,0.01766242942335426
mp-5492,0.14369195488961867
mp-549207,3.5738113499055797
mp-549720,3.9210814220491255
mp-550998,2.26911
mp-551135,0.5328810970229776
mp-552185,0.6310826000612009
mp-552729,1.4992114709739943
mp-553278,1.12533
mp-553342,0.029813405061642186
mp-553923,0.347594553754802
mp-554089,0.20788146165543478
mp-554138,0.44399262088347197
mp-554199,0.010639999999999998
mp-554288,0.24742591093092897
mp-554515,0.08435
mp-554543,0.0
mp-554646,0.07141765348157234
mp-554781,1.0705687961546424
mp-555147,0.32016901819596677
mp-555166,0.11555000000000003
mp-555217,0.28774464564957714
mp-555313,19.050548760697655
mp-555318,0.15701999999999997
mp-555509,1.8360068739878646
mp-555731,0.20738382117442405
mp-555763,0.14323118962856898
mp-555978,1.6045568512748836
mp-556100,0.3870771768007005
mp-556101,0.9795987831824259
mp-556319,0.20340428791700105
mp-556489,2.6617859510723094
mp-556592,1.0962293916424357
mp-556788,0.27143459654546737
mp-556866,0.881218654591468
mp-556985,0.1820386478052106
mp-557437,1.181195959577399
mp-557560,1.2178899999999997
mp-557719,0.0
mp-557878,0.32490643597180324
mp-558310,0.8125938228290953
mp-558852,0.0
mp-558879,0.04693999999999999
mp-559724,0.30542965147136397
mp-559773,1.5575887089198368
mp-560641,0.18444526947894077
mp-560829,0.62159
mp-561258,0.07440761475046194
mp-561291,0.16228100628231268
mp-562613,0.0564617253842301
mp-563025,3.6760360934299863
mp-567290,1.7989057609002224
mp-567503,0.005325000852365338
mp-567583,0.0
mp-567636,3.6818066666666662
mp-568328,0.15138999999999994
mp-568556,0.7004175510365227
mp-568638,1.6282959635459406
mp-569030,0.0034429220820081084
mp-569114,0.04964000000000002
mp-570213,0.027569999999999914
mp-570485,0.6956106363476683
mp-570744,0.34081000000000006
mp-571288,0.37962080488297795
mp-5770,0.3641999999999999
mp-5830,0.13671999999999998
mp-583071,2.2753699999999997
mp-5854,0.9924422710163046
mp-5859,0.34966190198533215
mp-6013,1.7855500000000002
mp-604119,0.14927
mp-6081,0.9868303505669045
mp-610992,0.09953503699576495
mp-616564,0.043265
mp-618991,7.6901399999999995
mp-622295,0.06983
mp-625075,2.233475618390364
mp-625150,0.7558985337993454
mp-625199,2.4726610032030036
mp-625254,2.710366195533411
mp-625475,0.8353561293587723
mp-625576,0.050283905452753
mp-625604,0.3702890627604331
mp-625671,1.1883559581359715
mp-625686,0.17049863225257844
mp-6257,0.6630542186729528
mp-625819,0.553721249676024
mp-626534,0.5384689415956369
mp-626543,1.368586105230438
mp-626644,1.3212899793239021
mp-626799,0.1703657516579834
mp-626800,0.4846035304869567
mp-6318,0.5374479564338069
mp-632229,0.23016313366827454
mp-632326,0.2132573182800534
mp-632402,0.2795648041599657
mp-634812,0.14798
mp-643432,0.15311
mp-643708,0.0
mp-644129,1.74084
mp-644222,0.8605338251922469
mp-644264,0.14156
mp-644385,0.7574848320593619
mp-644672,0.0
mp-661,1.6756785281491275
mp-673624,90.1414051529556
mp-673682,0.4226550000000001
mp-675109,1.5980420749228883
mp-675488,0.7473439032126239
mp-675531,10.678521590730622
mp-675634,14.017013501451471
mp-675645,0.656
mp-676284,0.06618044400037343
mp-677323,0.24404685820239574
mp-677335,0.511056548876932
mp-677467,0.3693836420506019
mp-684724,0.3668603335058187
mp-685097,2.611932228600122
mp-686208,1.1811654086671883
mp-690977,0.23225178056936013
mp-6920,0.237403099390046
mp-6922,0.14815499999999998
mp-6945,0.0033800000000000006
mp-696588,7.226062290795979
mp-696735,0.028950000000000004
mp-697114,6.20813199504308
mp-697136,0.5205399999999999
mp-697139,0.52364
mp-698018,0.49219473333463665
mp-703459,0.3508023377915278
mp-703684,0.19293000000000002
mp-706271,0.7682276845911927
mp-707304,0.7492151526097158
mp-707532,0.04686999999999999
mp-722865,0.08539999999999999
mp-7264,0.12488999999999997
mp-7323,0.021052851130917285
mp-7324,0.31292655623963905
mp-743841,0.3792011690382823
mp-752415,4.4054467538037505
mp-752632,3.5200414826409756
mp-752764,1.455525780053381
mp-753012,5.846698935929359
mp-753030,0.28763999999999995
mp-753056,1.717010674981376
mp-753178,0.9774273209297969
mp-753197,1.6039906888540267
mp-753217,0.49203509254930156
mp-753256,0.7070778136810687
mp-753370,1.160346835984214
mp-753401,0.24404
mp-753539,1.1906938022430453
mp-753641,0.4886689047213508
mp-753647,0.4066100000000001
mp-753654,0.5408764088957845
mp-753785,0.0
mp-753845,1.3908418405450518
mp-754215,0.5124826056560358
mp-754323,5.428583803024444
mp-754369,0.6551700259480275
mp-754401,0.6460523951662125
mp-754445,0.4114971325371901
mp-754500,1.0382659721845573
mp-754712,0.04284
mp-754726,1.3511076186966007
mp-754739,0.36292962592142647
mp-754764,0.8470146070532143
mp-754833,2.118505587482795
mp-754920,2.9144067495597223
mp-754954,0.11004
mp-754979,0.6201112717891847
mp-755067,0.14936439494192702
mp-755097,0.3491513806359643
mp-755392,9.760928777175868
mp-755483,0.26843676462065386
mp-755543,1.066071821454821
mp-755582,0.41336987091316757
mp-755627,1.0529007526827963
mp-755803,0.21630999999999997
mp-755891,0.39369870407223667
mp-755898,0.27206999999999987
mp-756018,0.853074918988846
mp-756042,5.837610000000001
mp-756084,0.7155204675578225
mp-756500,0.0
mp-756793,6.619654498331825
mp-757199,3.663933744081303
mp-757204,1.8091026234296383
mp-757826,0.09442350535844424
mp-757836,0.14806999999999998
mp-757838,0.38424
mp-757939,10.079638621106414
mp-758241,0.02105
mp-759216,0.8486899999999997
mp-759972,0.05305301599717794
mp-760386,0.3745785270140303
mp-760396,1.0311049841795938
mp-760418,0.7991579215498944
mp-760580,0.0
mp-761106,48.64048060921066
mp-761281,0.2521871037543355
mp-761486,0.5641344842322614
mp-761675,0.300229700562766
mp-762018,0.3122477976664651
mp-763007,0.7261570475455016
mp-763318,0.9944876033033563
mp-763507,0.9189609795228768
mp-763610,0.0
mp-764355,1.2813244188348818
mp-765046,0.22725943881221786
mp-765119,0.9384127397733839
mp-765289,1.9251557524782243
mp-765588,0.16910000000000006
mp-765725,0.8549038442641315
mp-766094,0.5623899999999998
mp-766460,0.16981999999999997
mp-7667,0.22738605542117127
mp-768020,0.8899935184033644
mp-768074,0.7958799999999997
mp-768230,2.047299164338227
mp-768353,0.586338391118986
mp-768573,0.7110951538999543
mp-769931,0.33299999999999996
mp-771248,0.0763611642132308
mp-771335,1.435265151496405
mp-772052,1.454782162593424
mp-772753,1.2658097005079396
mp-773418,16.54659566461331
mp-774155,0.464365904540805
mp-774666,0.6917817521252179
mp-774797,0.05830000000000001
mp-775196,0.6388980520377321
mp-776356,0.6678000000000001
mp-776448,0.6969312010110601
mp-776684,0.236202795495735
mp-777483,0.4396246824945478
mp-779443,1.1472023865909624
mp-779689,0.012009999999999995
mp-7798,1.3048629465963082
mp-7801,3.125599999999999
mp-804,0.6194843056123386
mp-8075,0.09565281961343686
mp-8258,0.36962
mp-8311,0.7225099999999999
mp-8355,0.45649131623723144
mp-8393,0.4783499845701309
mp-849770,0.6527822578831429
mp-850194,2.9369469547506553
mp-850195,0.24822999999999998
mp-850339,0.9633826854890049
mp-865269,1.1763054600918383
mp-867203,0.5680303832542762
mp-867328,0.34425610960446296
mp-867329,0.37636796984719645
mp-867619,0.10015500000000001
mp-867695,0.053109999999999984
mp-8876,0.4591097629651028
mp-8884,0.1812585573152355
mp-9212,1.1980372333529539
mp-9295,0.06476
mp-9711,0.29452590327507705
mp-971712,0.1464559565193577
mp-973793,0.5970899999999999
mp-9813,0.5141993762241867
mp-9816,0.12234666666666667
mp-984350,0.7991699999999996
mp-984718,0.23544707494467443
mp-985592,0.12123000000000012
mp-9911,0.6799066666666668
mp-991676,0.05857000000000001
mp-996956,1.7495186169058048
mvc-1621,1.8711419256091768
mvc-1623,5.387900039388005
mvc-5908,0.9587770206519871
mvc-5921,1.8090771722365093
mvc-643,4.539355789631841
mvc-6787,1.5695751204568487
mvc-7386,0.7339411652850656
mvc-7568,1.600530336690148
mp-1008556,0.48011136229004203
mp-1008559,0.24052466214507448
mp-10091,1.2378999999999998
mp-1014251,2.9403629458858864
mp-1019508,0.23518999999999998
mp-1019560,0.16602999999999998
mp-1019566,0.6976895263733892
mp-1019740,0.7806899999999999
mp-1020797,0.6509454359467696
mp-1025851,0.7833618867521408
mp-1025898,9.281196680222765
mp-1026972,0.4285544481833318
mp-1027436,2.5183496621756105
mp-1028668,0.7291718498480064
mp-1029262,1.6949723857927597
mp-1029288,3.300095391257653
mp-1029312,1.4460100000000002
mp-1029368,1.9496395466341974
mp-1029422,0.6871627139186177
mp-1029517,0.15341000000000002
mp-10413,0.022320000000000003
mp-10517,0.39007626561994263
mp-10519,0.29123185839753135
mp-10802,0.22348
mp-11625,0.13391542183629632
mp-11661,1.069093333333334
mp-11674,0.26814030679067136
mp-11713,0.06729744721028899
mp-11714,0.06423169544702993
mp-11773,0.42558447304853586
mp-11869,0.06748666666666663
mp-12015,0.27502000000000004
mp-12177,1.2470260187118802
mp-12881,0.7059643816426538
mp-13032,0.3354066666666664
mp-13099,0.22008832150792837
mp-13150,0.5338024127938881
mp-13335,0.7696313074453296
mp-13546,0.09894499999999999
mp-13590,0.01532666666666667
mp-13843,0.07155500000000002
mp-13868,0.7022429657177064
mp-14,0.6086796491232237
mp-14058,0.09337344787836212
mp-14092,0.08422500000000008
mp-14288,0.28435086581190055
mp-14506,0.06280517547071163
mp-14794,0.37514905984155156
mp-14921,0.07182999999999996
mp-15144,0.8331096748167808
mp-15514,0.048845294513069945
mp-15833,0.4266261674421985
mp-15951,0.0940086015165347
mp-15998,0.30463999999999997
mp-16136,0.5358307899219922
mp-16577,0.13383140849591327
mp-16855,1.0603737784584062
mp-16934,0.28688
mp-17155,1.1790327970623273
mp-17161,0.1382877698858443
mp-17313,0.0809941436154493
mp-17493,0.12876999999999997
mp-17694,0.2181189158960418
mp-17756,0.4809855346762786
mp-17792,0.16457243165483462
mp-18129,0.12000000000000004
mp-18741,0.2765631710444099
mp-18778,0.22949000000000006
mp-1880,1.5282099999999998
mp-18849,0.0
mp-18876,0.9144500000000001
mp-19052,0.48353999999999986
mp-19131,1.1206064917644898
mp-19154,0.827115551111031
mp-19481,0.15485999999999997
mp-20191,8.624439988776082
mp-20554,0.20373000000000008
mp-21616,0.05745999999999999
mp-21855,0.16232999999999997
mp-22408,0.33129000000000025
mp-22464,0.41699714795187753
mp-22909,0.11105999999999995
mp-22914,0.885762576599079
mp-22958,0.7482502862010866
mp-230,0.6902767029242695
mp-23063,0.23489139447838459
mp-23145,0.20067000000000002
mp-23173,0.08290503301971476
mp-23321,0.17380090304713613
mp-23326,0.11392402204978545
mp-23598,0.17237
mp-23656,0.18862999999999996
mp-23719,0.09689550315420868
mp-23764,0.6357142631717504
mp-23778,0.060685
mp-23807,2.440293023470747
mp-23837,0.2888658562249984
mp-23904,0.2695048324242071
mp-23910,4.556029453493494
mp-23934,0.06824
mp-23959,0.1687028811253679
mp-23996,0.17020060223160197
mp-24064,0.07918000000000001
mp-24066,0.5343598947338847
mp-24104,0.32876647490248634
mp-24181,0.3489342341556543
mp-24468,0.1782691033241599
mp-26511,0.14364
mp-2691,0.07361000000000013
mp-27047,0.681747625665099
mp-27167,0.30206
mp-27211,0.6049933116899592
mp-27579,0.09464
mp-27810,0.07819730110432199
mp-27843,8.4703294725430015e-22
mp-27897,0.04748999999999998
mp-27920,0.2156056363796744
mp-27949,0.02398
mp-27987,0.23249453197871126
mp-28080,0.0
mp-28108,0.72258
mp-28128,0.22183
mp-28264,0.52601
mp-28423,0.13706926789036256
mp-28475,0.2265
mp-28512,0.31716749966595587
mp-2852,0.23833659546392325
mp-28520,0.0
mp-28676,0.14993
mp-28719,0.3043934640395552
mp-28922,0.35745287860987407
mp-28932,0.25664000000000003
mp-28987,0.07305500710904332
mp-29168,0.06430000000000001
mp-29196,0.864184626627899
mp-29526,0.3500499999999999
mp-29689,0.2286449203459374
mp-29760,0.23854385471140432
mp-29761,0.5179982591669589
mp-29966,0.054629999999999984
mp-30253,0.17188840057948324
mp-3107,1.0291366109060964
mp-31110,0.4452060666607613
mp-31114,0.560859071868537
mp-31451,0.6852799999999993
mp-32760,0.44055511959345106
mp-33319,86.09419987021847
mp-3338,1.4696162985963377
mp-334,0.5660555057589459
mp-33775,0.2944987725192725
mp-34126,0.787757810878449
mp-34185,0.3503999999999999
mp-3427,0.04041
mp-34292,2.332911732258974
mp-34467,0.08004499999999996
mp-35031,0.3271266765337245
mp-35152,0.41242805990863424
mp-35208,0.967473333333334
mp-3551,0.7378999999999999
mp-35539,0.06962999999999997
mp-35876,0.3490799999999999
mp-36007,0.38346000000000013
mp-36033,0.9790033333333336
mp-36053,0.40238933332140375
mp-36111,0.1694466666666665
mp-36252,0.3272233757313191
mp-36641,0.14554450641798997
mp-37436,0.3832565947518933
mp-37829,0.2968077966259002
mp-37990,0.09864999999999996
mp-380,0.06858354613171044
mp-38117,0.10886999999999997
mp-38162,0.36949379916989145
mp-38322,1.1749470549627283
mp-38327,0.45161000000000007
mp-3839,0.13482
mp-38394,0.07929717742006065
mp-3848,0.18770591641361464
mp-38511,0.8623113366611388
mp-39215,0.22098521489004497
mp-3933,2.710455143587512
mp-40143,0.1558469627551336
mp-40186,0.5428785758933747
mp-4025,0.27604333333333314
mp-406,0.008396666666666719
mp-409,0.08083644854120567
mp-4163,5.88125396680844
mp-4510,0.2683433333333333
mp-4533,0.5807395032198172
mp-4666,0.15535500000000002
mp-4730,0.14613794211292291
mp-4731,0.40647678487195865
mp-4763,0.11632000000000003
mp-4809,0.2413094463546754
mp-4812,0.15838999999999986
mp-504498,0.11494000000000001
mp-504894,0.3643203845518424
mp-505381,0.19883883857285034
mp-505702,0.17719999999999997
mp-510279,0.29680999999999996
mp-510539,0.7695258095736621
mp-510760,0.4491826135326255
mp-5222,0.06924666666666669
mp-540188,0.6638480213218453
mp-540312,0.9816516928658124
mp-540632,0.07645239104485416
mp-541291,0.6441152174196269
mp-541462,0.336895
mp-541581,0.06398517202109645
mp-541844,7.0585378797028495
mp-546679,1.9923649586358418
mp-546787,0.2975381229355324
mp-5481,0.5068792411413202
mp-550070,3.700729478663845
mp-550759,0.03319666666666669
mp-550959,0.2528369943400228
mp-551086,3.7198031660022384
mp-552,0.2996147016564565
mp-552663,0.36521020430418977
mp-553919,0.2005952265134943
mp-554002,0.5849989818355652
mp-554151,0.13997795228177903
mp-554159,0.22196999999999995
mp-554206,0.7079399999999999
mp-554405,0.1506961467371959
mp-554495,0.0
mp-554540,0.015648799550454718
mp-554570,0.03261848264330633
mp-554643,0.16893999999999998
mp-554650,0.13852222262619368
mp-554885,0.24517605796651534
mp-554894,0.651154606065257
mp-555076,0.15890609679933618
mp-555256,1.7207455755572931
mp-555410,0.12930360806136806
mp-555836,1.1056710582266318
mp-556005,0.1056882186265214
mp-556151,0.04740999999999999
mp-556295,2.1472498941484326
mp-556296,0.13813999999999999
mp-556609,0.4610497009027948
mp-556994,0.12895313830384006
mp-557,0.089395
mp-557203,0.39228999999999997
mp-557244,0.13304000000000002
mp-557373,0.09547
mp-557387,1.6664875939832255
mp-557537,0.432860920594278
mp-557614,0.11582999999999999
mp-557632,0.21153629873366267
mp-557653,0.4062544300638208
mp-557728,0.5131073672244435
mp-557923,0.30404000000000003
mp-557930,0.039015000000000015
mp-558412,0.08349774428090859
mp-558830,0.10685
mp-560025,2.869559731546851
mp-560088,0.1346567974518925
mp-560210,0.084895
mp-560632,0.25146709685364865
mp-560869,0.03435
mp-561118,0.09840390383872699
mp-561256,1.116006957354608
mp-561543,0.04529000000000003
mp-561664,0.15578
mp-561942,0.22030999999999998
mp-567177,0.786914214257183
mp-567771,67.67410697065827
mp-568032,0.17379
mp-568177,1.0459784328082486
mp-569084,0.10579662140163076
mp-569450,0.3317299344054049
mp-569711,0.433139236908872
mp-569994,0.004060000263004828
mp-570693,0.34604172133083483
mp-570957,0.18714205203188408
mp-571156,0.06075088641328619
mp-571414,0.22138788178217989
mp-5920,0.5943800000000006
mp-612740,0.15825679985390992
mp-6181,11.854209999999997
mp-620033,0.7955529795054506
mp-6208,0.5472749999999998
mp-625054,1.47606
mp-625175,0.7261245645892996
mp-625238,1.7732199391502452
mp-625583,0.8654788229597432
mp-625826,0.059340000000000004
mp-626037,0.44399469741482567
mp-626046,0.09067
mp-626088,0.8869999999999997
mp-626259,0.5514450113111914
mp-626566,0.8603541109083934
mp-626716,0.2741048107932437
mp-626835,0.5335792421159653
mp-633099,0.551395557744166
mp-6408,0.05141000000000001
mp-642210,0.23710206262282918
mp-6426,0.16875999999999997
mp-642725,0.9465211914690554
mp-643378,0.16553500000000002
mp-648932,0.02008
mp-651723,0.25383033565750196
mp-673798,1.4457957668356896
mp-674948,2.312964171320369
mp-675020,2.2777048567801756
mp-675511,0.5668800000000002
mp-675620,0.5147500000000002
mp-675800,0.0
mp-675926,0.0
mp-675941,0.3725057626074911
mp-675953,0.0
mp-676049,0.3910440440920906
mp-676464,0.24842351464958465
mp-676723,0.14566510474294783
mp-677378,15.237721358333548
mp-677526,0.30917923383224216
mp-684503,0.7058299999999998
mp-684609,0.17128420651069967
mp-685145,0.6521787922801536
mp-685991,0.2289010580048402
mp-691106,0.4914753715090929
mp-6941,0.47818499999999997
mp-696155,0.09948386854158818
mp-696210,0.3692491238987575
mp-696288,0.429036052332986
mp-696308,0.027548525902419414
mp-696946,0.3450238243947801
mp-697020,0.5952283832278161
mp-697592,0.4299693920501783
mp-706983,0.15536493233674062
mp-7117,0.27672442700274946
mp-7123,0.4062205311276689
mp-7140,0.31606354487666294
mp-722866,0.34674999999999995
mp-723049,0.71686
mp-752464,0.8178260387759733
mp-752611,0.6069594868377928
mp-752617,0.31600999999999996
mp-752623,0.5746050000000003
mp-752767,0.15969833655990284
mp-752844,0.7386700000000003
mp-752853,0.5626899999999998
mp-753200,0.12411000000000001
mp-753224,1.0846041538692708
mp-753227,1.434160224114465
mp-753262,1.808888395258259
mp-753300,0.48394
mp-753343,0.43441256910913617
mp-753382,0.40144911209267864
mp-753398,0.15513
mp-753402,0.6432332655421369
mp-753419,0.27904929663124023
mp-753440,0.30381933624732216
mp-753535,0.8832647436668661
mp-753557,0.7017662286136576
mp-753649,0.411000175711736
mp-753694,3.842910781548418
mp-753710,0.16993138900230217
mp-754009,4.859032685751613
mp-754190,0.5907220641571862
mp-754339,0.3366685598573689
mp-754389,0.6729367051267529
mp-754450,3.3631732460282215
mp-754459,1.985738300854658
mp-754628,0.14722203775250506
mp-754743,0.5383526415835627
mp-754812,0.0
mp-754908,3.5355349999999985
mp-754919,1.6306353987130136
mp-754977,1.2928854239491454
mp-755132,0.673950005794906
mp-755254,0.42054
mp-755285,1.1681994271955762
mp-755289,0.56333
mp-755367,2.963812358747192
mp-755436,1.1902299712350664
mp-755478,1.1967808102572637
mp-755571,0.6200631557898385
mp-755603,0.4325950219315981
mp-755727,5.817303500954359
mp-755769,0.0
mp-756075,2.3080452178620896
mp-756202,0.0
mp-756316,0.30651924849836104
mp-756328,0.30675851542655663
mp-756361,0.32077
mp-756401,1.2498581197079925
mp-756504,0.19281446081670722
mp-756520,0.23886999999999994
mp-756651,5.429510881184417
mp-756696,0.7477195660138923
mp-756775,1.2874923839621673
mp-756912,0.3527402207851933
mp-756952,0.4198202460271517
mp-757203,0.6510502009829963
mp-757388,0.9423599999999999
mp-7575,0.5086099999999995
mp-757956,0.18231207048174172
mp-7580,0.3873158342791519
mp-758018,0.0
mp-758057,0.7627960166288418
mp-758141,1.0220177765011518
mp-758191,1.42488743334342
mp-758341,0.5818069612852702
mp-758499,0.07104999999999999
mp-758604,1.2772399999999995
mp-758632,0.32971328981351894
mp-759069,0.029201385241115277
mp-759070,0.12357333333333335
mp-759095,1.075375988503626
mp-759107,0.13032999999999997
mp-759234,0.1958
mp-759601,0.001624999999999998
mp-759724,0.3563559060953628
mp-759876,0.12718217515869645
mp-760313,1.4871857689284327
mp-760364,1.4117215787571672e-22
mp-760405,1.7612317413957765
mp-760432,0.8884058053614915
mp-760492,0.0
mp-761219,0.6870024261965894
mp-761252,0.12577009223181795
mp-761568,1.4861699999999998
mp-761572,1.310947688048612
mp-761711,0.7566429018190068
mp-762268,1.8994917616085825
mp-7623,0.15783499999999998
mp-762996,0.06498853283464705
mp-763244,0.04484695864827401
mp-763784,0.5711367446332777
mp-763985,0.13327234794971388
mp-764354,0.34082514549252385
mp-765958,0.7420227635996082
mp-766229,1.3794070207882805
mp-768221,4.83072729983833
mp-768223,1.0733917104673394
mp-770192,2.5665302569739863
mp-770387,0.024635
mp-770967,0.38126010203009697
mp-771705,0.147195
mp-771892,0.055895
mp-771964,1.9164189435768018
mp-772232,0.02975
mp-772750,0.5826390134158027
mp-773044,1.4988862371748295
mp-773512,0.6545899999999999
mp-774191,0.39121738241335563
mp-774243,0.028829999999999988
mp-774424,0.013499999999999998
mp-774907,0.27338162374234304
mp-775164,8.470329472543002e-22
mp-775776,0.03449
mp-775837,1.3027278642525462
mp-776478,0.9627348369818006
mp-780172,0.36693
mp-7849,0.3095849131498496
mp-7868,0.026150007013701165
mp-7907,0.08236861629285754
mp-7908,0.05893301663753517
mp-7913,0.398786688594291
mp-8016,0.04271999999999998
mp-8059,0.05264000000000001
mp-8196,0.2646433577594566
mp-849223,0.28085951310219137
mp-849524,1.1541464963339825
mp-849525,0.3211911444802517
mp-849528,0.012396666666666672
mp-849731,0.7889020359195362
mp-850878,1.0562122940488807
mp-850916,3.6315978751579037
mp-8630,0.011769999999999989
mp-863111,1.6285609850120415
mp-866056,1.013578970628339
mp-866291,0.2537633333333331
mp-866810,0.8020937526873027
mp-8673,0.4951
mp-867334,0.4736623087260076
mp-8781,1.8294066478779398
mp-8873,0.5292870571816394
mp-8874,0.41399675379162093
mp-9007,0.4380105838903899
mp-9064,0.032166288293552205
mp-9077,0.46974499999999997
mp-9270,0.16587999999999997
mp-9359,0.6982403453562388
mp-938,3.3392357459201887
mp-9732,0.029733840514383197
mp-974002,1.9033203193973518
mp-974267,0.10072
mp-974650,0.5037735122056339
mp-976280,0.29476797027493334
mp-976707,0.230325
mp-978852,0.5383532224293038
mp-985591,0.11358000000000007
mp-989625,1.710304680963394
mp-9900,0.21705277146353136
mp-998358,0.0
mp-999052,1.4357399999999991
mvc-3271,2.3760557490882577
mp-1002124,0.06276666666666657
mp-1009820,0.08534666666666658
mp-1009894,0.38620000000000015
mp-1015567,1.9858563181516737
mp-1016197,0.14469000000000773
mp-1019379,0.46892000000000006
mp-1019531,0.30796999999999997
mp-1019550,1.2407792627619145
mp-1019743,0.11690999999999989
mp-1019893,1.664841370551561
mp-1020019,0.8691719532405542
mp-1020712,1.844707778077601
mp-1026020,3.334748276969902
mp-1026027,6.725211749836635
mp-1029387,0.6896233073932463
mp-1029565,5.934497617204004
mp-1029652,1.4905664923444375
mp-1030153,0.2864227829456594
mp-10426,2.3651781698956107
mp-10952,0.358355
mp-11582,0.1372621014701436
mp-12171,0.13762759098378538
mp-12180,0.2219231112259231
mp-1222,0.41389000000000004
mp-12364,0.6057440552361093
mp-12485,1.3061378833560917
mp-1287668,0.6304110952783204
mp-12885,0.2699796511015406
mp-12904,0.68695
mp-12955,0.16469999999999999
mp-13334,1.1032987193412371
mp-1340,0.2099841858331485
mp-13863,0.17409
mp-14659,0.6652633164273961
mp-14730,1.2027084205242764
mp-15335,0.16544995285584094
mp-15661,1.159199999999999
mp-15703,0.46151499999999995
mp-15704,0.14142
mp-1639,0.8967600000000003
mp-16917,0.10712412380038902
mp-17229,0.053824971464749405
mp-17392,0.215275
mp-17827,0.9115730608501112
mp-17912,0.047540000000000006
mp-181,0.09725546668439776
mp-1818,0.08018333333333338
mp-18878,4.731246521552874
mp-189,1.30269
mp-19086,1.5043279733129893
mp-19267,1.080231831990685
mp-19314,0.14332666666666669
mp-19329,1.4358950000000004
mp-19343,0.13932
mp-1986,0.6559000000000009
mp-19896,4.694490000000001
mp-19926,0.24083999999999994
mp-20435,0.13485634361018775
mp-20731,0.20686949364273116
mp-2172,0.07633333333333349
mp-2176,0.11930999999999999
mp-22038,0.08991585114092848
mp-22205,5.551150257578101
mp-2245,0.1433709726548579
mp-22895,0.13569666666666672
mp-2293,0.2694499999999999
mp-22981,1.6244821877139801
mp-23280,0.012569999999999998
mp-23353,0.12872
mp-23667,0.15085451832808983
mp-23828,0.18089636032938178
mp-23909,0.15937999999999997
mp-23985,0.10849500287765236
mp-24097,0.5964798015021132
mp-25289,1.1880604417453087
mp-25971,1.2602867885003652
mp-26819,0.33429866158651345
mp-27411,0.29159313246371216
mp-27442,0.296567551595133
mp-27724,0.020460000000000002
mp-27791,0.49831227051641364
mp-2782,0.013770000000000001
mp-27854,0.002710779408214546
mp-27936,0.09496999999999997
mp-28027,0.41871121850268117
mp-28797,0.4640953899087225
mp-28891,0.8184514267829233
mp-29403,0.05348011312628273
mp-29529,0.5269310536493401
mp-2964,0.16158999999999998
mp-29820,0.04294
mp-30294,0.6185200000000001
mp-30460,0.30781333333333316
mp-306,0.2728719853174447
mp-31488,0.04089000000000004
mp-33932,2.7525369172660974
mp-34857,0.16638644268539976
mp-35082,0.4205787562395419
mp-35687,0.03631513596284612
mp-35751,0.058534941701517046
mp-35822,0.826902622157158
mp-3667,0.03350271929261862
mp-3775,0.11199696069739531
mp-38011,0.16088615030102071
mp-38240,0.3588650000000001
mp-39681,6.208543531741309
mp-4051,2.1131299999999995
mp-41219,0.051709999999999944
mp-41734,0.31659000000000004
mp-4187,0.6711799999999999
mp-422,0.19065000000000001
mp-4412,1.0960500000000033
mp-4559,0.619635861292744
mp-4681,4.50082
mp-4756,0.09369000000000004
mp-504340,0.3485146799197139
mp-504460,0.16958334333396238
mp-510293,1.4035519121143742
mp-5213,0.07752999999999996
mp-542136,0.07009029818740975
mp-546190,0.5266842817096404
mp-550798,0.10168225616471482
mp-5518,0.1884000000000001
mp-551918,5.064935411740264
mp-553432,0.09819323367194104
mp-554105,0.4370277450002457
mp-554145,0.7944756297669957
mp-554472,0.041885302911641935
mp-555726,0.05914
mp-555976,0.36380128573164777
mp-556340,9.564916712052437
mp-556503,0.16418510864265362
mp-556544,0.30699360195830355
mp-556553,0.19120357021507065
mp-556605,2.717734101066548
mp-556850,1.4518299999999995
mp-556880,0.2702076873393424
mp-557403,0.16135560913708571
mp-557414,1.497362510893306
mp-557856,0.37270121720440696
mp-558376,0.0147
mp-558807,0.20068808434981886
mp-559155,0.06539500000000001
mp-559377,0.27129000000000003
mp-559885,2.6180628218446174
mp-560045,0.019500000000000003
mp-560186,1.3790235386918748
mp-560688,0.9518095924605928
mp-570256,0.20625999999999994
mp-570437,0.007495187121073968
mp-5709,0.8940325080159366
mp-570935,0.20884245210206442
mp-5782,0.29808999999999986
mp-605437,0.0
mp-606393,0.009010000000000002
mp-606711,0.3372670448345729
mp-6137,0.2499000000000002
mp-615138,1.5492899999999996
mp-616573,0.2612616866285601
mp-618177,0.26891210497112245
mp-6227,0.34791999999999995
mp-625051,1.4569072793775537
mp-625136,0.6106600000000001
mp-625151,0.20929465456319904
mp-625830,0.21613
mp-625927,0.03321999999999999
mp-626843,0.10005313838156203
mp-642729,0.2753338106735168
mp-643263,0.6463351082062688
mp-644223,0.10228536992160915
mp-644419,0.30174999999999996
mp-6486,0.3003652319104749
mp-657176,0.6430514549160645
mp-6661,0.06107988845866571
mp-674350,0.09366102150211805
mp-675124,0.34580422481514017
mp-675418,1.4258110965046422
mp-675420,1.6034051712929063
mp-676300,0.0
mp-676799,2.2850543100561365
mp-6841,0.58459
mp-684704,0.24586986971601016
mp-684770,3.0058834698314456
mp-6856,0.03712000000000001
mp-690687,0.15075420458481414
mp-696125,0.9665875600792718
mp-696130,0.5102522359578642
mp-697853,1.0165384822097026
mp-706913,0.026959999999999987
mp-7290,0.3162790098947446
mp-752467,5.33694085879454
mp-752524,1.1205957408157814
mp-752636,0.3842499999999999
mp-752801,0.9836843672865359
mp-752851,0.20438
mp-752920,0.6281157098824551
mp-752960,1.6412564023419371
mp-752975,1.0974150998141041
mp-753062,0.9531855093841949
mp-753149,1.706502981128376
mp-753251,0.41280132827497235
mp-753467,0.515555
mp-753715,0.49577954380854294
mp-754071,1.6112473331242478
mp-754202,0.16120852210723846
mp-754280,0.17850280409763686
mp-754406,0.6121150500815109
mp-754513,1.1421285100985357
mp-754589,0.114615
mp-754594,0.101891552397635
mp-754610,0.07506894810014911
mp-754901,0.9423965626263713
mp-755080,2.2187605624213265
mp-755149,3.6391629058127832
mp-755192,0.7328503088625944
mp-755203,3.764652479678056
mp-755205,0.47260255198916884
mp-755256,7.736766762922573
mp-755278,2.2399728614427454
mp-755693,1.3864880117261567
mp-755811,1.9372666666666662
mp-755821,0.5995034446387367
mp-756005,1.6543582120266453
mp-756006,0.15027940283590743
mp-756502,3.9836109916642584
mp-756570,0.4663118315464228
mp-756773,0.35601841778200827
mp-756951,0.0
mp-756967,0.7106053404668445
mp-757107,0.6366195241272451
mp-757146,0.16564930315505183
mp-757248,0.5429153942374447
mp-757842,0.0075299999999999985
mp-758521,0.2704183727578434
mp-758574,0.6718692720313976
mp-758602,0.6655115692457946
mp-759469,4.376853531040056
mp-759593,0.4312503130415737
mp-759609,0.5707487040133267
mp-759764,5.828212670476259
mp-760307,0.43696459990078323
mp-7610,1.5875200000000003
mp-761267,1.339779669535256
mp-761280,2.7103055962277045
mp-761931,0.19758000455511754
mp-763246,0.3412213082344625
mp-765142,1.4538666890029834
mp-765508,1.1497999071568634
mp-768161,1.1558150452163656
mp-768440,0.6434350000000001
mp-768521,1.4382896110658658
mp-768729,0.030270000000000002
mp-768907,2.975172456278797
mp-770553,1.3746271539948565
mp-771260,0.076115
mp-771646,1.21231576852221
mp-771909,0.5866558805501032
mp-771952,0.7424988917655164
mp-771971,0.3033500646118278
mp-772659,0.34857000000000005
mp-772813,0.3092784166410582
mp-772840,0.064755
mp-772842,0.37665711582286604
mp-774192,0.0
mp-774361,1.1293772630057341e-21
mp-775808,1.5766846884206374
mp-776015,0.8665740549249782
mp-776397,0.18257
mp-776470,0.0
mp-776740,2.6756945099170073
mp-776911,1.3762501280653894
mp-779070,5.318160548552844
mp-780876,1.1418944897844294
mp-7812,0.014380000000000004
mp-8062,0.14513999999999974
mp-8076,0.04200513445676698
mp-8184,0.8839542417175688
mp-8234,0.26336
mp-850407,0.9078499999999999
mp-864928,5.85153043311626
mp-866640,0.022419999999999992
mp-867745,0.5354879466430594
mp-8880,0.1458742338454655
mp-9063,0.06397195036935302
mp-9197,1.1360097125024944
mp-9392,0.3297640488215324
mp-985584,0.9288300000000002
mp-998193,3.512726517933699
mp-999498,0.038290000000000046
mvc-12168,2.445587652330837
mvc-16044,0.16917529739888146
